nome_curso,duracao,nome_disciplina,creditos,nome_departamento
Redes de Computadores,6,Perferendis ex.,66,Escola de Tecnologia
Redes de Computadores,6,Cum expedita dicta.,68,Escola de Tecnologia
Ciência da Computação,8,Similique.,76,Escola de Tecnologia
Engenharia de Software,8,Fugit facilis quae.,71,Escola de Tecnologia
Segurança da Informação,8,Nobis hic ex.,80,Escola de Tecnologia
Segurança da Informação,8,Voluptate consectetur.,61,Escola de Tecnologia
Redes de Computadores,6,Tempore nobis ipsa.,60,Escola de Tecnologia
Engenharia de Software,8,Dignissimos incidunt sapiente.,78,Escola de Tecnologia
Engenharia de Software,8,Voluptatum laboriosam.,74,Escola de Tecnologia
Segurança da Informação,8,Dolorem illum sint.,80,Escola de Tecnologia
Data Science,8,Dolor optio provident.,70,Escola de Tecnologia
Segurança da Informação,8,Perspiciatis sed doloremque voluptas.,74,Escola de Tecnologia
Inteligência Artificial,8,Dolor optio provident.,70,Escola de Tecnologia
Engenharia de Software,8,Voluptate consectetur.,61,Escola de Tecnologia
Data Science,8,Sunt veniam.,64,Escola de Tecnologia
Engenharia de Software,8,Nobis hic ex.,80,Escola de Tecnologia
Inteligência Artificial,8,Corrupti harum officia voluptatum.,60,Escola de Tecnologia
Inteligência Artificial,8,Sunt veniam.,64,Escola de Tecnologia
Engenharia de Software,8,Fugiat harum consequatur.,65,Escola de Tecnologia
Data Science,8,Corrupti harum officia voluptatum.,60,Escola de Tecnologia
Redes de Computadores,6,Itaque.,63,Escola de Tecnologia
Segurança da Informação,8,Distinctio ducimus.,76,Escola de Tecnologia
Inteligência Artificial,8,In consequatur corrupti.,67,Escola de Tecnologia
Data Science,8,Facere corporis.,75,Escola de Tecnologia
Engenharia de Software,8,Et.,68,Escola de Tecnologia
Inteligência Artificial,8,Facere corporis.,75,Escola de Tecnologia
Redes de Computadores,6,Temporibus sed.,61,Escola de Tecnologia
Engenharia de Software,8,Dolorem illum sint.,80,Escola de Tecnologia
Ciência da Computação,8,Dolor optio provident.,70,Escola de Tecnologia
Data Science,8,In consequatur corrupti.,67,Escola de Tecnologia
Segurança da Informação,8,Similique.,76,Escola de Tecnologia
Engenharia de Software,8,Perspiciatis sed doloremque voluptas.,74,Escola de Tecnologia
Engenharia de Software,8,Praesentium ipsa maxime.,72,Escola de Tecnologia
Inteligência Artificial,8,Dolor tenetur vitae.,71,Escola de Tecnologia
Ciência da Computação,8,Fugiat.,65,Escola de Tecnologia
Segurança da Informação,8,Tempore nobis ipsa.,60,Escola de Tecnologia
Redes de Computadores,6,Veniam dolorum laboriosam.,71,Escola de Tecnologia
Ciência da Computação,8,Doloribus a.,67,Escola de Tecnologia
Data Science,8,Dolor tenetur vitae.,71,Escola de Tecnologia
Redes de Computadores,6,Consectetur autem officiis.,67,Escola de Tecnologia
Data Science,8,Laborum doloribus maxime.,64,Escola de Tecnologia
Inteligência Artificial,8,Laborum doloribus maxime.,64,Escola de Tecnologia
Engenharia de Software,8,Ducimus tenetur modi.,70,Escola de Tecnologia
Inteligência Artificial,8,Praesentium ipsa maxime.,72,Escola de Tecnologia
Engenharia de Software,8,Distinctio ducimus.,76,Escola de Tecnologia
Data Science,8,Ducimus tenetur modi.,70,Escola de Tecnologia
Redes de Computadores,6,Doloribus a.,67,Escola de Tecnologia
Ciência da Computação,8,Sunt veniam.,64,Escola de Tecnologia
Ciência da Computação,8,Corrupti harum officia voluptatum.,60,Escola de Tecnologia
Redes de Computadores,6,Fugiat.,65,Escola de Tecnologia
Data Science,8,Praesentium ipsa maxime.,72,Escola de Tecnologia
Inteligência Artificial,8,Ducimus tenetur modi.,70,Escola de Tecnologia
Inteligência Artificial,8,Distinctio ducimus.,76,Escola de Tecnologia
Redes de Computadores,6,Corrupti harum officia voluptatum.,60,Escola de Tecnologia
Ciência da Computação,8,Itaque.,63,Escola de Tecnologia
Engenharia de Software,8,Doloribus officiis.,76,Escola de Tecnologia
Ciência da Computação,8,Nobis hic ex.,80,Escola de Tecnologia
Data Science,8,Distinctio ducimus.,76,Escola de Tecnologia
Redes de Computadores,6,Sunt veniam.,64,Escola de Tecnologia
Segurança da Informação,8,Itaque.,63,Escola de Tecnologia
Ciência da Computação,8,Voluptate consectetur.,61,Escola de Tecnologia
Ciência da Computação,8,Laborum.,68,Escola de Tecnologia
Segurança da Informação,8,Doloribus a.,67,Escola de Tecnologia
Segurança da Informação,8,Fugiat.,65,Escola de Tecnologia
Ciência da Computação,8,Deleniti necessitatibus fuga.,60,Escola de Tecnologia
Redes de Computadores,6,Aliquid vero asperiores.,66,Escola de Tecnologia
Redes de Computadores,6,Fugiat harum consequatur.,65,Escola de Tecnologia
Data Science,8,Non quos.,73,Escola de Tecnologia
Inteligência Artificial,8,Non quos.,73,Escola de Tecnologia
Inteligência Artificial,8,Doloribus officiis.,76,Escola de Tecnologia
Redes de Computadores,6,Voluptate consectetur.,61,Escola de Tecnologia
Ciência da Computação,8,Facilis amet.,64,Escola de Tecnologia
Ciência da Computação,8,Nemo sed.,75,Escola de Tecnologia
Redes de Computadores,6,Nobis hic ex.,80,Escola de Tecnologia
Data Science,8,Doloribus officiis.,76,Escola de Tecnologia
Engenharia de Software,8,Aliquid vero asperiores.,66,Escola de Tecnologia
Redes de Computadores,6,Ducimus tenetur modi.,70,Escola de Tecnologia
Segurança da Informação,8,Dignissimos incidunt sapiente.,78,Escola de Tecnologia
Segurança da Informação,8,Voluptatum laboriosam.,74,Escola de Tecnologia
Redes de Computadores,6,Praesentium ipsa maxime.,72,Escola de Tecnologia
Engenharia de Software,8,Itaque.,63,Escola de Tecnologia
Ciência da Computação,8,Distinctio ducimus.,76,Escola de Tecnologia
Redes de Computadores,6,Et.,68,Escola de Tecnologia
Segurança da Informação,8,At consequatur dolorum.,74,Escola de Tecnologia
Inteligência Artificial,8,Eligendi vitae.,76,Escola de Tecnologia
Ciência da Computação,8,Excepturi impedit natus nesciunt.,71,Escola de Tecnologia
Segurança da Informação,8,Minus vero.,67,Escola de Tecnologia
Engenharia de Software,8,Temporibus sed.,61,Escola de Tecnologia
Data Science,8,Eligendi vitae.,76,Escola de Tecnologia
Data Science,8,Veniam dolorum laboriosam.,71,Escola de Tecnologia
Segurança da Informação,8,Laborum doloribus maxime.,64,Escola de Tecnologia
Engenharia de Software,8,Fugiat.,65,Escola de Tecnologia
Inteligência Artificial,8,Consectetur autem officiis.,67,Escola de Tecnologia
Engenharia de Software,8,Doloribus a.,67,Escola de Tecnologia
Data Science,8,Consectetur autem officiis.,67,Escola de Tecnologia
Segurança da Informação,8,Dolor tenetur vitae.,71,Escola de Tecnologia
Inteligência Artificial,8,Veniam dolorum laboriosam.,71,Escola de Tecnologia
Segurança da Informação,8,Sunt veniam.,64,Escola de Tecnologia
Segurança da Informação,8,Corrupti harum officia voluptatum.,60,Escola de Tecnologia
Ciência da Computação,8,Perferendis ex.,66,Escola de Tecnologia
Redes de Computadores,6,Deleniti necessitatibus fuga.,60,Escola de Tecnologia
Ciência da Computação,8,Cum expedita dicta.,68,Escola de Tecnologia
Data Science,8,Itaque.,63,Escola de Tecnologia
Redes de Computadores,6,Laborum.,68,Escola de Tecnologia
Segurança da Informação,8,Laborum.,68,Escola de Tecnologia
Engenharia de Software,8,Similique.,76,Escola de Tecnologia
Inteligência Artificial,8,Nemo consequuntur.,69,Escola de Tecnologia
Segurança da Informação,8,Deleniti necessitatibus fuga.,60,Escola de Tecnologia
Data Science,8,Cupiditate recusandae quo.,67,Escola de Tecnologia
Data Science,8,Nemo consequuntur.,69,Escola de Tecnologia
Ciência da Computação,8,Eligendi vitae.,76,Escola de Tecnologia
Redes de Computadores,6,Iste dolorem minima.,66,Escola de Tecnologia
Engenharia de Software,8,At consequatur dolorum.,74,Escola de Tecnologia
Inteligência Artificial,8,Cupiditate recusandae quo.,67,Escola de Tecnologia
Engenharia de Software,8,Minus vero.,67,Escola de Tecnologia
Redes de Computadores,6,Excepturi impedit natus nesciunt.,71,Escola de Tecnologia
Segurança da Informação,8,Facere corporis.,75,Escola de Tecnologia
Data Science,8,Temporibus sed.,61,Escola de Tecnologia
Ciência da Computação,8,Tempore nobis ipsa.,60,Escola de Tecnologia
Engenharia de Software,8,Dolor optio provident.,70,Escola de Tecnologia
Segurança da Informação,8,In consequatur corrupti.,67,Escola de Tecnologia
Inteligência Artificial,8,Temporibus sed.,61,Escola de Tecnologia
Engenharia de Software,8,Corrupti harum officia voluptatum.,60,Escola de Tecnologia
Data Science,8,Doloribus a.,67,Escola de Tecnologia
Segurança da Informação,8,Praesentium ipsa maxime.,72,Escola de Tecnologia
Engenharia de Software,8,Sunt veniam.,64,Escola de Tecnologia
Inteligência Artificial,8,Fugiat.,65,Escola de Tecnologia
Segurança da Informação,8,Ducimus tenetur modi.,70,Escola de Tecnologia
Engenharia de Software,8,Non quos.,73,Escola de Tecnologia
Data Science,8,Fugiat.,65,Escola de Tecnologia
Inteligência Artificial,8,Doloribus a.,67,Escola de Tecnologia
Data Science,8,Minus vero.,67,Escola de Tecnologia
Engenharia de Software,8,Quae laborum culpa.,65,Escola de Tecnologia
Inteligência Artificial,8,At consequatur dolorum.,74,Escola de Tecnologia
Segurança da Informação,8,Cum expedita dicta.,68,Escola de Tecnologia
Segurança da Informação,8,Perferendis ex.,66,Escola de Tecnologia
Inteligência Artificial,8,Minus vero.,67,Escola de Tecnologia
Redes de Computadores,6,Eligendi vitae.,76,Escola de Tecnologia
Ciência da Computação,8,Temporibus sed.,61,Escola de Tecnologia
Engenharia de Software,8,Facere corporis.,75,Escola de Tecnologia
Engenharia de Software,8,In consequatur corrupti.,67,Escola de Tecnologia
Data Science,8,At consequatur dolorum.,74,Escola de Tecnologia
Redes de Computadores,6,Facilis amet.,64,Escola de Tecnologia
Engenharia de Software,8,Deleniti necessitatibus fuga.,60,Escola de Tecnologia
Data Science,8,Aliquid vero asperiores.,66,Escola de Tecnologia
Data Science,8,Fugiat harum consequatur.,65,Escola de Tecnologia
Ciência da Computação,8,Cupiditate recusandae quo.,67,Escola de Tecnologia
Ciência da Computação,8,Nemo consequuntur.,69,Escola de Tecnologia
Redes de Computadores,6,Nemo sed.,75,Escola de Tecnologia
Inteligência Artificial,8,Fugiat harum consequatur.,65,Escola de Tecnologia
Inteligência Artificial,8,Aliquid vero asperiores.,66,Escola de Tecnologia
Inteligência Artificial,8,Similique.,76,Escola de Tecnologia
Ciência da Computação,8,Perspiciatis sed doloremque voluptas.,74,Escola de Tecnologia
Ciência da Computação,8,Dolorem illum sint.,80,Escola de Tecnologia
Redes de Computadores,6,Facere corporis.,75,Escola de Tecnologia
Data Science,8,Similique.,76,Escola de Tecnologia
Segurança da Informação,8,Fugit facilis quae.,71,Escola de Tecnologia
Redes de Computadores,6,In consequatur corrupti.,67,Escola de Tecnologia
Inteligência Artificial,8,Quae laborum culpa.,65,Escola de Tecnologia
Segurança da Informação,8,Iste dolorem minima.,66,Escola de Tecnologia
Data Science,8,Quae laborum culpa.,65,Escola de Tecnologia
Redes de Computadores,6,Perspiciatis sed doloremque voluptas.,74,Escola de Tecnologia
Redes de Computadores,6,Dolorem illum sint.,80,Escola de Tecnologia
Ciência da Computação,8,Odit quis cupiditate.,65,Escola de Tecnologia
Ciência da Computação,8,Dolore porro iste culpa.,76,Escola de Tecnologia
Inteligência Artificial,8,Et.,68,Escola de Tecnologia
Ciência da Computação,8,Aperiam necessitatibus delectus.,61,Escola de Tecnologia
Data Science,8,Et.,68,Escola de Tecnologia
Segurança da Informação,8,Eligendi vitae.,76,Escola de Tecnologia
Redes de Computadores,6,Dolore porro iste culpa.,76,Escola de Tecnologia
Ciência da Computação,8,Suscipit distinctio cupiditate.,61,Escola de Tecnologia
Redes de Computadores,6,Odit quis cupiditate.,65,Escola de Tecnologia
Segurança da Informação,8,Veniam dolorum laboriosam.,71,Escola de Tecnologia
Ciência da Computação,8,Aliquid vero asperiores.,66,Escola de Tecnologia
Redes de Computadores,6,Non quos.,73,Escola de Tecnologia
Ciência da Computação,8,Fugiat harum consequatur.,65,Escola de Tecnologia
Segurança da Informação,8,Consectetur autem officiis.,67,Escola de Tecnologia
Redes de Computadores,6,Doloribus officiis.,76,Escola de Tecnologia
Segurança da Informação,8,Nemo consequuntur.,69,Escola de Tecnologia
Ciência da Computação,8,Et.,68,Escola de Tecnologia
Engenharia de Software,8,Eligendi vitae.,76,Escola de Tecnologia
Segurança da Informação,8,Cupiditate recusandae quo.,67,Escola de Tecnologia
Data Science,8,Iste dolorem minima.,66,Escola de Tecnologia
Inteligência Artificial,8,Iste dolorem minima.,66,Escola de Tecnologia
Redes de Computadores,6,Quae laborum culpa.,65,Escola de Tecnologia
Segurança da Informação,8,Et delectus libero.,72,Escola de Tecnologia
Segurança da Informação,8,Quia dolores iste.,71,Escola de Tecnologia
Redes de Computadores,6,Distinctio ducimus.,76,Escola de Tecnologia
Ciência da Computação,8,Non quos.,73,Escola de Tecnologia
Ciência da Computação,8,Doloribus officiis.,76,Escola de Tecnologia
Inteligência Artificial,8,Itaque.,63,Escola de Tecnologia
Redes de Computadores,6,Similique.,76,Escola de Tecnologia
Data Science,8,Fugit facilis quae.,71,Escola de Tecnologia
Segurança da Informação,8,Nemo sed.,75,Escola de Tecnologia
Ciência da Computação,8,Quae laborum culpa.,65,Escola de Tecnologia
Engenharia de Software,8,Iste dolorem minima.,66,Escola de Tecnologia
Inteligência Artificial,8,Fugit facilis quae.,71,Escola de Tecnologia
Segurança da Informação,8,Facilis amet.,64,Escola de Tecnologia
Inteligência Artificial,8,Dignissimos incidunt sapiente.,78,Escola de Tecnologia
Inteligência Artificial,8,Voluptatum laboriosam.,74,Escola de Tecnologia
Engenharia de Software,8,Quia dolores iste.,71,Escola de Tecnologia
Data Science,8,Voluptatum laboriosam.,74,Escola de Tecnologia
Segurança da Informação,8,Odit quis cupiditate.,65,Escola de Tecnologia
Engenharia de Software,8,Et delectus libero.,72,Escola de Tecnologia
Data Science,8,Dignissimos incidunt sapiente.,78,Escola de Tecnologia
Segurança da Informação,8,Dolore porro iste culpa.,76,Escola de Tecnologia
Segurança da Informação,8,Non quos.,73,Escola de Tecnologia
Engenharia de Software,8,Nemo sed.,75,Escola de Tecnologia
Engenharia de Software,8,Facilis amet.,64,Escola de Tecnologia
Inteligência Artificial,8,Voluptate consectetur.,61,Escola de Tecnologia
Segurança da Informação,8,Doloribus officiis.,76,Escola de Tecnologia
Ciência da Computação,8,Fugit facilis quae.,71,Escola de Tecnologia
Engenharia de Software,8,Laborum.,68,Escola de Tecnologia
Data Science,8,Voluptate consectetur.,61,Escola de Tecnologia
Inteligência Artificial,8,Nobis hic ex.,80,Escola de Tecnologia
Data Science,8,Nobis hic ex.,80,Escola de Tecnologia
Data Science,8,Dolorem illum sint.,80,Escola de Tecnologia
Engenharia de Software,8,Excepturi impedit natus nesciunt.,71,Escola de Tecnologia
Ciência da Computação,8,Voluptatum laboriosam.,74,Escola de Tecnologia
Segurança da Informação,8,Quae laborum culpa.,65,Escola de Tecnologia
Engenharia de Software,8,Dolore porro iste culpa.,76,Escola de Tecnologia
Redes de Computadores,6,Dolor optio provident.,70,Escola de Tecnologia
Inteligência Artificial,8,Perspiciatis sed doloremque voluptas.,74,Escola de Tecnologia
Ciência da Computação,8,Dignissimos incidunt sapiente.,78,Escola de Tecnologia
Inteligência Artificial,8,Dolorem illum sint.,80,Escola de Tecnologia
Engenharia de Software,8,Odit quis cupiditate.,65,Escola de Tecnologia
Data Science,8,Perspiciatis sed doloremque voluptas.,74,Escola de Tecnologia
Redes de Computadores,6,Voluptatum laboriosam.,74,Escola de Tecnologia
Ciência da Computação,8,Quia dolores iste.,71,Escola de Tecnologia
Data Science,8,Odit quis cupiditate.,65,Escola de Tecnologia
Engenharia de Software,8,Suscipit distinctio cupiditate.,61,Escola de Tecnologia
Engenharia de Software,8,Tempore nobis ipsa.,60,Escola de Tecnologia
Redes de Computadores,6,Dignissimos incidunt sapiente.,78,Escola de Tecnologia
Segurança da Informação,8,Et.,68,Escola de Tecnologia
Ciência da Computação,8,Et delectus libero.,72,Escola de Tecnologia
Inteligência Artificial,8,Odit quis cupiditate.,65,Escola de Tecnologia
Engenharia de Software,8,Aperiam necessitatibus delectus.,61,Escola de Tecnologia
Data Science,8,Dolore porro iste culpa.,76,Escola de Tecnologia
Inteligência Artificial,8,Dolore porro iste culpa.,76,Escola de Tecnologia
Data Science,8,Suscipit distinctio cupiditate.,61,Escola de Tecnologia
Ciência da Computação,8,Veniam dolorum laboriosam.,71,Escola de Tecnologia
Ciência da Computação,8,Consectetur autem officiis.,67,Escola de Tecnologia
Inteligência Artificial,8,Suscipit distinctio cupiditate.,61,Escola de Tecnologia
Inteligência Artificial,8,Aperiam necessitatibus delectus.,61,Escola de Tecnologia
Redes de Computadores,6,Quia dolores iste.,71,Escola de Tecnologia
Engenharia de Software,8,Laborum doloribus maxime.,64,Escola de Tecnologia
Redes de Computadores,6,Et delectus libero.,72,Escola de Tecnologia
Segurança da Informação,8,Excepturi impedit natus nesciunt.,71,Escola de Tecnologia
Engenharia de Software,8,Dolor tenetur vitae.,71,Escola de Tecnologia
Data Science,8,Aperiam necessitatibus delectus.,61,Escola de Tecnologia
Data Science,8,Laborum.,68,Escola de Tecnologia
Inteligência Artificial,8,Deleniti necessitatibus fuga.,60,Escola de Tecnologia
Ciência da Computação,8,At consequatur dolorum.,74,Escola de Tecnologia
Engenharia de Software,8,Perferendis ex.,66,Escola de Tecnologia
Data Science,8,Deleniti necessitatibus fuga.,60,Escola de Tecnologia
Inteligência Artificial,8,Laborum.,68,Escola de Tecnologia
Redes de Computadores,6,Nemo consequuntur.,69,Escola de Tecnologia
Ciência da Computação,8,Minus vero.,67,Escola de Tecnologia
Redes de Computadores,6,Cupiditate recusandae quo.,67,Escola de Tecnologia
Redes de Computadores,6,At consequatur dolorum.,74,Escola de Tecnologia
Redes de Computadores,6,Minus vero.,67,Escola de Tecnologia
Data Science,8,Cum expedita dicta.,68,Escola de Tecnologia
Data Science,8,Perferendis ex.,66,Escola de Tecnologia
Inteligência Artificial,8,Cum expedita dicta.,68,Escola de Tecnologia
Ciência da Computação,8,In consequatur corrupti.,67,Escola de Tecnologia
Inteligência Artificial,8,Perferendis ex.,66,Escola de Tecnologia
Ciência da Computação,8,Facere corporis.,75,Escola de Tecnologia
Inteligência Artificial,8,Excepturi impedit natus nesciunt.,71,Escola de Tecnologia
Redes de Computadores,6,Aperiam necessitatibus delectus.,61,Escola de Tecnologia
Data Science,8,Excepturi impedit natus nesciunt.,71,Escola de Tecnologia
Ciência da Computação,8,Laborum doloribus maxime.,64,Escola de Tecnologia
Ciência da Computação,8,Dolor tenetur vitae.,71,Escola de Tecnologia
Redes de Computadores,6,Suscipit distinctio cupiditate.,61,Escola de Tecnologia
Segurança da Informação,8,Temporibus sed.,61,Escola de Tecnologia
Inteligência Artificial,8,Tempore nobis ipsa.,60,Escola de Tecnologia
Data Science,8,Tempore nobis ipsa.,60,Escola de Tecnologia
Redes de Computadores,6,Laborum doloribus maxime.,64,Escola de Tecnologia
Redes de Computadores,6,Dolor tenetur vitae.,71,Escola de Tecnologia
Ciência da Computação,8,Ducimus tenetur modi.,70,Escola de Tecnologia
Segurança da Informação,8,Dolor optio provident.,70,Escola de Tecnologia
Ciência da Computação,8,Praesentium ipsa maxime.,72,Escola de Tecnologia
Data Science,8,Et delectus libero.,72,Escola de Tecnologia
Engenharia de Software,8,Consectetur autem officiis.,67,Escola de Tecnologia
Inteligência Artificial,8,Quia dolores iste.,71,Escola de Tecnologia
Engenharia de Software,8,Veniam dolorum laboriosam.,71,Escola de Tecnologia
Inteligência Artificial,8,Et delectus libero.,72,Escola de Tecnologia
Segurança da Informação,8,Suscipit distinctio cupiditate.,61,Escola de Tecnologia
Data Science,8,Quia dolores iste.,71,Escola de Tecnologia
Segurança da Informação,8,Aperiam necessitatibus delectus.,61,Escola de Tecnologia
Ciência da Computação,8,Iste dolorem minima.,66,Escola de Tecnologia
Engenharia de Software,8,Cum expedita dicta.,68,Escola de Tecnologia
Segurança da Informação,8,Fugiat harum consequatur.,65,Escola de Tecnologia
Redes de Computadores,6,Fugit facilis quae.,71,Escola de Tecnologia
Engenharia de Software,8,Nemo consequuntur.,69,Escola de Tecnologia
Data Science,8,Facilis amet.,64,Escola de Tecnologia
Engenharia de Software,8,Cupiditate recusandae quo.,67,Escola de Tecnologia
Inteligência Artificial,8,Facilis amet.,64,Escola de Tecnologia
Inteligência Artificial,8,Nemo sed.,75,Escola de Tecnologia
Data Science,8,Nemo sed.,75,Escola de Tecnologia
Segurança da Informação,8,Aliquid vero asperiores.,66,Escola de Tecnologia
Engenharia Elétrica,9,Veniam dolorum laboriosam.,71,Escola de Engenharia
Engenharia de Controle e Automação,9,Dolor tenetur vitae.,71,Escola de Engenharia
Engenharia de Produção,8,Tempore nobis ipsa.,60,Escola de Engenharia
Engenharia Mecânica,9,Tempore nobis ipsa.,60,Escola de Engenharia
Engenharia Elétrica,9,Consectetur autem officiis.,67,Escola de Engenharia
Engenharia Civil,9,Laborum doloribus maxime.,64,Escola de Engenharia
Engenharia Civil,9,Dolor tenetur vitae.,71,Escola de Engenharia
Engenharia Química,9,Dolor optio provident.,70,Escola de Engenharia
Engenharia de Controle e Automação,9,Laborum doloribus maxime.,64,Escola de Engenharia
Engenharia Civil,9,Laborum.,68,Escola de Engenharia
Engenharia de Produção,8,Itaque.,63,Escola de Engenharia
Engenharia Elétrica,9,Nemo consequuntur.,69,Escola de Engenharia
Engenharia de Controle e Automação,9,Deleniti necessitatibus fuga.,60,Escola de Engenharia
Engenharia Elétrica,9,Cupiditate recusandae quo.,67,Escola de Engenharia
Engenharia Química,9,Corrupti harum officia voluptatum.,60,Escola de Engenharia
Engenharia Civil,9,Deleniti necessitatibus fuga.,60,Escola de Engenharia
Engenharia Química,9,Sunt veniam.,64,Escola de Engenharia
Engenharia de Controle e Automação,9,Laborum.,68,Escola de Engenharia
Engenharia Civil,9,Aperiam necessitatibus delectus.,61,Escola de Engenharia
Engenharia Civil,9,Suscipit distinctio cupiditate.,61,Escola de Engenharia
Engenharia Elétrica,9,Et delectus libero.,72,Escola de Engenharia
Engenharia Mecânica,9,Excepturi impedit natus nesciunt.,71,Escola de Engenharia
Engenharia de Controle e Automação,9,Aperiam necessitatibus delectus.,61,Escola de Engenharia
Engenharia Elétrica,9,Quia dolores iste.,71,Escola de Engenharia
Engenharia Química,9,Temporibus sed.,61,Escola de Engenharia
Engenharia de Controle e Automação,9,Suscipit distinctio cupiditate.,61,Escola de Engenharia
Engenharia de Produção,8,Excepturi impedit natus nesciunt.,71,Escola de Engenharia
Engenharia Mecânica,9,Itaque.,63,Escola de Engenharia
Engenharia Elétrica,9,Sunt veniam.,64,Escola de Engenharia
Engenharia Civil,9,Distinctio ducimus.,76,Escola de Engenharia
Engenharia Química,9,Et delectus libero.,72,Escola de Engenharia
Engenharia Química,9,Quia dolores iste.,71,Escola de Engenharia
Engenharia Elétrica,9,Corrupti harum officia voluptatum.,60,Escola de Engenharia
Engenharia de Controle e Automação,9,Distinctio ducimus.,76,Escola de Engenharia
Engenharia de Controle e Automação,9,Aliquid vero asperiores.,66,Escola de Engenharia
Engenharia de Controle e Automação,9,Fugiat harum consequatur.,65,Escola de Engenharia
Engenharia Civil,9,Fugiat harum consequatur.,65,Escola de Engenharia
Engenharia Elétrica,9,Facilis amet.,64,Escola de Engenharia
Engenharia Química,9,Fugiat.,65,Escola de Engenharia
Engenharia Civil,9,Aliquid vero asperiores.,66,Escola de Engenharia
Engenharia Química,9,Doloribus a.,67,Escola de Engenharia
Engenharia Elétrica,9,Nemo sed.,75,Escola de Engenharia
Engenharia de Controle e Automação,9,Similique.,76,Escola de Engenharia
Engenharia Civil,9,Similique.,76,Escola de Engenharia
Engenharia Elétrica,9,In consequatur corrupti.,67,Escola de Engenharia
Engenharia Elétrica,9,Facere corporis.,75,Escola de Engenharia
Engenharia Química,9,Nemo sed.,75,Escola de Engenharia
Engenharia Química,9,Facilis amet.,64,Escola de Engenharia
Engenharia de Produção,8,Fugit facilis quae.,71,Escola de Engenharia
Engenharia Mecânica,9,Fugit facilis quae.,71,Escola de Engenharia
Engenharia Mecânica,9,Eligendi vitae.,76,Escola de Engenharia
Engenharia de Produção,8,Eligendi vitae.,76,Escola de Engenharia
Engenharia Elétrica,9,Dolore porro iste culpa.,76,Escola de Engenharia
Engenharia Química,9,At consequatur dolorum.,74,Escola de Engenharia
Engenharia Química,9,Minus vero.,67,Escola de Engenharia
Engenharia Civil,9,Et.,68,Escola de Engenharia
Engenharia de Controle e Automação,9,Et.,68,Escola de Engenharia
Engenharia Elétrica,9,Odit quis cupiditate.,65,Escola de Engenharia
Engenharia Mecânica,9,Dignissimos incidunt sapiente.,78,Escola de Engenharia
Engenharia Mecânica,9,Voluptatum laboriosam.,74,Escola de Engenharia
Engenharia Elétrica,9,Praesentium ipsa maxime.,72,Escola de Engenharia
Engenharia Elétrica,9,Ducimus tenetur modi.,70,Escola de Engenharia
Engenharia de Produção,8,Voluptatum laboriosam.,74,Escola de Engenharia
Engenharia Química,9,Odit quis cupiditate.,65,Escola de Engenharia
Engenharia Química,9,Dolore porro iste culpa.,76,Escola de Engenharia
Engenharia de Produção,8,Dignissimos incidunt sapiente.,78,Escola de Engenharia
Engenharia Mecânica,9,Veniam dolorum laboriosam.,71,Escola de Engenharia
Engenharia Química,9,Laborum doloribus maxime.,64,Escola de Engenharia
Engenharia de Produção,8,Veniam dolorum laboriosam.,71,Escola de Engenharia
Engenharia de Produção,8,Consectetur autem officiis.,67,Escola de Engenharia
Engenharia Elétrica,9,Doloribus officiis.,76,Escola de Engenharia
Engenharia Mecânica,9,Consectetur autem officiis.,67,Escola de Engenharia
Engenharia Elétrica,9,Non quos.,73,Escola de Engenharia
Engenharia Química,9,Dolor tenetur vitae.,71,Escola de Engenharia
Engenharia de Produção,8,Nobis hic ex.,80,Escola de Engenharia
Engenharia Elétrica,9,Cum expedita dicta.,68,Escola de Engenharia
Engenharia Química,9,Doloribus officiis.,76,Escola de Engenharia
Engenharia Química,9,Non quos.,73,Escola de Engenharia
Engenharia Mecânica,9,Nobis hic ex.,80,Escola de Engenharia
Engenharia Elétrica,9,Perferendis ex.,66,Escola de Engenharia
Engenharia Mecânica,9,Voluptate consectetur.,61,Escola de Engenharia
Engenharia de Produção,8,Voluptate consectetur.,61,Escola de Engenharia
Engenharia Química,9,Dignissimos incidunt sapiente.,78,Escola de Engenharia
Engenharia Química,9,Voluptatum laboriosam.,74,Escola de Engenharia
Engenharia Civil,9,Ducimus tenetur modi.,70,Escola de Engenharia
Engenharia Civil,9,Praesentium ipsa maxime.,72,Escola de Engenharia
Engenharia de Controle e Automação,9,Ducimus tenetur modi.,70,Escola de Engenharia
Engenharia Elétrica,9,Doloribus a.,67,Escola de Engenharia
Engenharia Elétrica,9,Fugiat.,65,Escola de Engenharia
Engenharia de Controle e Automação,9,Praesentium ipsa maxime.,72,Escola de Engenharia
Engenharia de Controle e Automação,9,Doloribus a.,67,Escola de Engenharia
Engenharia de Produção,8,Ducimus tenetur modi.,70,Escola de Engenharia
Engenharia Mecânica,9,Ducimus tenetur modi.,70,Escola de Engenharia
Engenharia de Controle e Automação,9,Fugiat.,65,Escola de Engenharia
Engenharia Mecânica,9,Praesentium ipsa maxime.,72,Escola de Engenharia
Engenharia de Produção,8,Praesentium ipsa maxime.,72,Escola de Engenharia
Engenharia Civil,9,Fugiat.,65,Escola de Engenharia
Engenharia Civil,9,Doloribus a.,67,Escola de Engenharia
Engenharia de Produção,8,Cupiditate recusandae quo.,67,Escola de Engenharia
Engenharia Mecânica,9,Cupiditate recusandae quo.,67,Escola de Engenharia
Engenharia Elétrica,9,Quae laborum culpa.,65,Escola de Engenharia
Engenharia Química,9,Deleniti necessitatibus fuga.,60,Escola de Engenharia
Engenharia de Produção,8,Nemo consequuntur.,69,Escola de Engenharia
Engenharia Mecânica,9,Nemo consequuntur.,69,Escola de Engenharia
Engenharia Química,9,Laborum.,68,Escola de Engenharia
Engenharia Civil,9,Iste dolorem minima.,66,Escola de Engenharia
Engenharia de Controle e Automação,9,Iste dolorem minima.,66,Escola de Engenharia
Engenharia Elétrica,9,At consequatur dolorum.,74,Escola de Engenharia
Engenharia de Controle e Automação,9,Cum expedita dicta.,68,Escola de Engenharia
Engenharia de Controle e Automação,9,Perferendis ex.,66,Escola de Engenharia
Engenharia Química,9,Voluptate consectetur.,61,Escola de Engenharia
Engenharia Química,9,Nobis hic ex.,80,Escola de Engenharia
Engenharia Elétrica,9,Minus vero.,67,Escola de Engenharia
Engenharia Civil,9,Cum expedita dicta.,68,Escola de Engenharia
Engenharia Civil,9,Perferendis ex.,66,Escola de Engenharia
Engenharia Química,9,Cum expedita dicta.,68,Escola de Engenharia
Engenharia de Produção,8,At consequatur dolorum.,74,Escola de Engenharia
Engenharia Mecânica,9,Minus vero.,67,Escola de Engenharia
Engenharia Química,9,Perferendis ex.,66,Escola de Engenharia
Engenharia Civil,9,Eligendi vitae.,76,Escola de Engenharia
Engenharia Mecânica,9,At consequatur dolorum.,74,Escola de Engenharia
Engenharia de Controle e Automação,9,Eligendi vitae.,76,Escola de Engenharia
Engenharia de Produção,8,Minus vero.,67,Escola de Engenharia
Engenharia Elétrica,9,Et.,68,Escola de Engenharia
Engenharia de Controle e Automação,9,Excepturi impedit natus nesciunt.,71,Escola de Engenharia
Engenharia Mecânica,9,Temporibus sed.,61,Escola de Engenharia
Engenharia Elétrica,9,Aperiam necessitatibus delectus.,61,Escola de Engenharia
Engenharia Química,9,Facere corporis.,75,Escola de Engenharia
Engenharia Elétrica,9,Suscipit distinctio cupiditate.,61,Escola de Engenharia
Engenharia Química,9,In consequatur corrupti.,67,Escola de Engenharia
Engenharia Civil,9,Excepturi impedit natus nesciunt.,71,Escola de Engenharia
Engenharia de Produção,8,Temporibus sed.,61,Escola de Engenharia
Engenharia Civil,9,Temporibus sed.,61,Escola de Engenharia
Engenharia Elétrica,9,Excepturi impedit natus nesciunt.,71,Escola de Engenharia
Engenharia Química,9,Similique.,76,Escola de Engenharia
Engenharia de Produção,8,In consequatur corrupti.,67,Escola de Engenharia
Engenharia Mecânica,9,In consequatur corrupti.,67,Escola de Engenharia
Engenharia de Controle e Automação,9,Temporibus sed.,61,Escola de Engenharia
Engenharia Mecânica,9,Facere corporis.,75,Escola de Engenharia
Engenharia de Produção,8,Facere corporis.,75,Escola de Engenharia
Engenharia de Produção,8,Fugiat.,65,Escola de Engenharia
Engenharia Elétrica,9,Fugiat harum consequatur.,65,Escola de Engenharia
Engenharia Química,9,Praesentium ipsa maxime.,72,Escola de Engenharia
Engenharia Mecânica,9,Fugiat.,65,Escola de Engenharia
Engenharia de Produção,8,Doloribus a.,67,Escola de Engenharia
Engenharia Mecânica,9,Doloribus a.,67,Escola de Engenharia
Engenharia Elétrica,9,Aliquid vero asperiores.,66,Escola de Engenharia
Engenharia Química,9,Ducimus tenetur modi.,70,Escola de Engenharia
Engenharia Civil,9,Sunt veniam.,64,Escola de Engenharia
Engenharia de Controle e Automação,9,Corrupti harum officia voluptatum.,60,Escola de Engenharia
Engenharia Mecânica,9,Distinctio ducimus.,76,Escola de Engenharia
Engenharia de Controle e Automação,9,Sunt veniam.,64,Escola de Engenharia
Engenharia Elétrica,9,Itaque.,63,Escola de Engenharia
Engenharia Química,9,Itaque.,63,Escola de Engenharia
Engenharia Civil,9,Corrupti harum officia voluptatum.,60,Escola de Engenharia
Engenharia de Produção,8,Distinctio ducimus.,76,Escola de Engenharia
Engenharia de Controle e Automação,9,Tempore nobis ipsa.,60,Escola de Engenharia
Engenharia Química,9,Perspiciatis sed doloremque voluptas.,74,Escola de Engenharia
Engenharia Civil,9,Tempore nobis ipsa.,60,Escola de Engenharia
Engenharia Química,9,Dolorem illum sint.,80,Escola de Engenharia
Engenharia Elétrica,9,Dolor tenetur vitae.,71,Escola de Engenharia
Engenharia de Produção,8,Dolor optio provident.,70,Escola de Engenharia
Engenharia Mecânica,9,Dolor optio provident.,70,Escola de Engenharia
Engenharia Elétrica,9,Laborum doloribus maxime.,64,Escola de Engenharia
Engenharia de Controle e Automação,9,Nobis hic ex.,80,Escola de Engenharia
Engenharia Mecânica,9,Non quos.,73,Escola de Engenharia
Engenharia Civil,9,Voluptate consectetur.,61,Escola de Engenharia
Engenharia de Controle e Automação,9,Voluptate consectetur.,61,Escola de Engenharia
Engenharia de Produção,8,Non quos.,73,Escola de Engenharia
Engenharia Civil,9,Nobis hic ex.,80,Escola de Engenharia
Engenharia Mecânica,9,Doloribus officiis.,76,Escola de Engenharia
Engenharia de Produção,8,Doloribus officiis.,76,Escola de Engenharia
Engenharia Mecânica,9,Fugiat harum consequatur.,65,Escola de Engenharia
Engenharia de Produção,8,Aliquid vero asperiores.,66,Escola de Engenharia
Engenharia de Produção,8,Fugiat harum consequatur.,65,Escola de Engenharia
Engenharia de Controle e Automação,9,Facilis amet.,64,Escola de Engenharia
Engenharia Elétrica,9,Fugit facilis quae.,71,Escola de Engenharia
Engenharia Civil,9,Nemo sed.,75,Escola de Engenharia
Engenharia de Controle e Automação,9,Nemo sed.,75,Escola de Engenharia
Engenharia Civil,9,Facilis amet.,64,Escola de Engenharia
Engenharia Mecânica,9,Aliquid vero asperiores.,66,Escola de Engenharia
Engenharia Mecânica,9,Similique.,76,Escola de Engenharia
Engenharia Química,9,Fugit facilis quae.,71,Escola de Engenharia
Engenharia Civil,9,Facere corporis.,75,Escola de Engenharia
Engenharia Elétrica,9,Temporibus sed.,61,Escola de Engenharia
Engenharia de Controle e Automação,9,In consequatur corrupti.,67,Escola de Engenharia
Engenharia de Controle e Automação,9,Facere corporis.,75,Escola de Engenharia
Engenharia de Produção,8,Similique.,76,Escola de Engenharia
Engenharia Civil,9,In consequatur corrupti.,67,Escola de Engenharia
Engenharia Elétrica,9,Iste dolorem minima.,66,Escola de Engenharia
Engenharia de Controle e Automação,9,Cupiditate recusandae quo.,67,Escola de Engenharia
Engenharia Civil,9,Nemo consequuntur.,69,Escola de Engenharia
Engenharia Mecânica,9,Laborum.,68,Escola de Engenharia
Engenharia de Controle e Automação,9,Nemo consequuntur.,69,Escola de Engenharia
Engenharia de Produção,8,Laborum.,68,Escola de Engenharia
Engenharia de Produção,8,Deleniti necessitatibus fuga.,60,Escola de Engenharia
Engenharia Mecânica,9,Deleniti necessitatibus fuga.,60,Escola de Engenharia
Engenharia Civil,9,Cupiditate recusandae quo.,67,Escola de Engenharia
Engenharia de Controle e Automação,9,Dolorem illum sint.,80,Escola de Engenharia
Engenharia Elétrica,9,Dolor optio provident.,70,Escola de Engenharia
Engenharia Civil,9,Dolorem illum sint.,80,Escola de Engenharia
Engenharia Química,9,Iste dolorem minima.,66,Escola de Engenharia
Engenharia de Produção,8,Quae laborum culpa.,65,Escola de Engenharia
Engenharia Mecânica,9,Quae laborum culpa.,65,Escola de Engenharia
Engenharia Civil,9,Perspiciatis sed doloremque voluptas.,74,Escola de Engenharia
Engenharia de Controle e Automação,9,Perspiciatis sed doloremque voluptas.,74,Escola de Engenharia
Engenharia Elétrica,9,Eligendi vitae.,76,Escola de Engenharia
Engenharia Mecânica,9,Perferendis ex.,66,Escola de Engenharia
Engenharia de Controle e Automação,9,At consequatur dolorum.,74,Escola de Engenharia
Engenharia de Produção,8,Cum expedita dicta.,68,Escola de Engenharia
Engenharia de Controle e Automação,9,Minus vero.,67,Escola de Engenharia
Engenharia Civil,9,Minus vero.,67,Escola de Engenharia
Engenharia de Produção,8,Perferendis ex.,66,Escola de Engenharia
Engenharia Mecânica,9,Cum expedita dicta.,68,Escola de Engenharia
Engenharia Civil,9,At consequatur dolorum.,74,Escola de Engenharia
Engenharia de Produção,8,Sunt veniam.,64,Escola de Engenharia
Engenharia de Produção,8,Corrupti harum officia voluptatum.,60,Escola de Engenharia
Engenharia Mecânica,9,Sunt veniam.,64,Escola de Engenharia
Engenharia de Controle e Automação,9,Itaque.,63,Escola de Engenharia
Engenharia Química,9,Distinctio ducimus.,76,Escola de Engenharia
Engenharia Elétrica,9,Deleniti necessitatibus fuga.,60,Escola de Engenharia
Engenharia Mecânica,9,Corrupti harum officia voluptatum.,60,Escola de Engenharia
Engenharia Elétrica,9,Laborum.,68,Escola de Engenharia
Engenharia de Controle e Automação,9,Doloribus officiis.,76,Escola de Engenharia
Engenharia Química,9,Veniam dolorum laboriosam.,71,Escola de Engenharia
Engenharia Elétrica,9,Nobis hic ex.,80,Escola de Engenharia
Engenharia Química,9,Consectetur autem officiis.,67,Escola de Engenharia
Engenharia Civil,9,Non quos.,73,Escola de Engenharia
Engenharia Elétrica,9,Voluptate consectetur.,61,Escola de Engenharia
Engenharia Civil,9,Doloribus officiis.,76,Escola de Engenharia
Engenharia de Controle e Automação,9,Non quos.,73,Escola de Engenharia
Engenharia de Controle e Automação,9,Quae laborum culpa.,65,Escola de Engenharia
Engenharia de Produção,8,Iste dolorem minima.,66,Escola de Engenharia
Engenharia Elétrica,9,Dolorem illum sint.,80,Escola de Engenharia
Engenharia Química,9,Cupiditate recusandae quo.,67,Escola de Engenharia
Engenharia Mecânica,9,Iste dolorem minima.,66,Escola de Engenharia
Engenharia Elétrica,9,Perspiciatis sed doloremque voluptas.,74,Escola de Engenharia
Engenharia Química,9,Nemo consequuntur.,69,Escola de Engenharia
Engenharia Civil,9,Quae laborum culpa.,65,Escola de Engenharia
Engenharia Elétrica,9,Distinctio ducimus.,76,Escola de Engenharia
Engenharia de Produção,8,Et delectus libero.,72,Escola de Engenharia
Engenharia Química,9,Suscipit distinctio cupiditate.,61,Escola de Engenharia
Engenharia Química,9,Aperiam necessitatibus delectus.,61,Escola de Engenharia
Engenharia Civil,9,Itaque.,63,Escola de Engenharia
Engenharia de Produção,8,Quia dolores iste.,71,Escola de Engenharia
Engenharia Mecânica,9,Et delectus libero.,72,Escola de Engenharia
Engenharia Mecânica,9,Quia dolores iste.,71,Escola de Engenharia
Engenharia de Controle e Automação,9,Fugit facilis quae.,71,Escola de Engenharia
Engenharia de Produção,8,Facilis amet.,64,Escola de Engenharia
Engenharia de Produção,8,Nemo sed.,75,Escola de Engenharia
Engenharia Química,9,Fugiat harum consequatur.,65,Escola de Engenharia
Engenharia Mecânica,9,Nemo sed.,75,Escola de Engenharia
Engenharia Civil,9,Fugit facilis quae.,71,Escola de Engenharia
Engenharia Química,9,Aliquid vero asperiores.,66,Escola de Engenharia
Engenharia Mecânica,9,Facilis amet.,64,Escola de Engenharia
Engenharia Elétrica,9,Similique.,76,Escola de Engenharia
Engenharia Elétrica,9,Tempore nobis ipsa.,60,Escola de Engenharia
Engenharia de Produção,8,Perspiciatis sed doloremque voluptas.,74,Escola de Engenharia
Engenharia de Produção,8,Dolorem illum sint.,80,Escola de Engenharia
Engenharia Mecânica,9,Perspiciatis sed doloremque voluptas.,74,Escola de Engenharia
Engenharia Civil,9,Dolor optio provident.,70,Escola de Engenharia
Engenharia Química,9,Quae laborum culpa.,65,Escola de Engenharia
Engenharia de Controle e Automação,9,Dolor optio provident.,70,Escola de Engenharia
Engenharia Mecânica,9,Dolorem illum sint.,80,Escola de Engenharia
Engenharia de Produção,8,Odit quis cupiditate.,65,Escola de Engenharia
Engenharia Mecânica,9,Dolore porro iste culpa.,76,Escola de Engenharia
Engenharia Civil,9,Dignissimos incidunt sapiente.,78,Escola de Engenharia
Engenharia Química,9,Et.,68,Escola de Engenharia
Engenharia Mecânica,9,Odit quis cupiditate.,65,Escola de Engenharia
Engenharia de Controle e Automação,9,Voluptatum laboriosam.,74,Escola de Engenharia
Engenharia de Produção,8,Dolore porro iste culpa.,76,Escola de Engenharia
Engenharia de Controle e Automação,9,Dignissimos incidunt sapiente.,78,Escola de Engenharia
Engenharia Civil,9,Voluptatum laboriosam.,74,Escola de Engenharia
Engenharia Civil,9,Quia dolores iste.,71,Escola de Engenharia
Engenharia de Produção,8,Suscipit distinctio cupiditate.,61,Escola de Engenharia
Engenharia de Controle e Automação,9,Et delectus libero.,72,Escola de Engenharia
Engenharia Química,9,Excepturi impedit natus nesciunt.,71,Escola de Engenharia
Engenharia de Produção,8,Aperiam necessitatibus delectus.,61,Escola de Engenharia
Engenharia de Controle e Automação,9,Quia dolores iste.,71,Escola de Engenharia
Engenharia Civil,9,Et delectus libero.,72,Escola de Engenharia
Engenharia Mecânica,9,Aperiam necessitatibus delectus.,61,Escola de Engenharia
Engenharia Mecânica,9,Suscipit distinctio cupiditate.,61,Escola de Engenharia
Engenharia Civil,9,Veniam dolorum laboriosam.,71,Escola de Engenharia
Engenharia Mecânica,9,Laborum doloribus maxime.,64,Escola de Engenharia
Engenharia de Produção,8,Laborum doloribus maxime.,64,Escola de Engenharia
Engenharia de Produção,8,Dolor tenetur vitae.,71,Escola de Engenharia
Engenharia Mecânica,9,Dolor tenetur vitae.,71,Escola de Engenharia
Engenharia de Controle e Automação,9,Veniam dolorum laboriosam.,71,Escola de Engenharia
Engenharia Civil,9,Consectetur autem officiis.,67,Escola de Engenharia
Engenharia de Controle e Automação,9,Consectetur autem officiis.,67,Escola de Engenharia
Engenharia Química,9,Tempore nobis ipsa.,60,Escola de Engenharia
Engenharia de Produção,8,Et.,68,Escola de Engenharia
Engenharia Elétrica,9,Dignissimos incidunt sapiente.,78,Escola de Engenharia
Engenharia de Controle e Automação,9,Dolore porro iste culpa.,76,Escola de Engenharia
Engenharia Civil,9,Dolore porro iste culpa.,76,Escola de Engenharia
Engenharia de Controle e Automação,9,Odit quis cupiditate.,65,Escola de Engenharia
Engenharia Mecânica,9,Et.,68,Escola de Engenharia
Engenharia Elétrica,9,Voluptatum laboriosam.,74,Escola de Engenharia
Engenharia Civil,9,Odit quis cupiditate.,65,Escola de Engenharia
Engenharia Química,9,Eligendi vitae.,76,Escola de Engenharia
Medicina,9,Laborum doloribus maxime.,64,Escola de Saúde
Enfermagem,8,Veniam dolorum laboriosam.,71,Escola de Saúde
Fisioterapia,8,Tempore nobis ipsa.,60,Escola de Saúde
Biomedicina,8,Laborum doloribus maxime.,64,Escola de Saúde
Farmácia,8,Tempore nobis ipsa.,60,Escola de Saúde
Biomedicina,8,Dolor tenetur vitae.,71,Escola de Saúde
Medicina,9,Dolor tenetur vitae.,71,Escola de Saúde
Odontologia,9,Dolor optio provident.,70,Escola de Saúde
Enfermagem,8,Consectetur autem officiis.,67,Escola de Saúde
Medicina,9,Deleniti necessitatibus fuga.,60,Escola de Saúde
Enfermagem,8,Nemo consequuntur.,69,Escola de Saúde
Biomedicina,8,Laborum.,68,Escola de Saúde
Enfermagem,8,Cupiditate recusandae quo.,67,Escola de Saúde
Medicina,9,Laborum.,68,Escola de Saúde
Biomedicina,8,Deleniti necessitatibus fuga.,60,Escola de Saúde
Odontologia,9,Corrupti harum officia voluptatum.,60,Escola de Saúde
Fisioterapia,8,Itaque.,63,Escola de Saúde
Odontologia,9,Sunt veniam.,64,Escola de Saúde
Odontologia,9,Facere corporis.,75,Escola de Saúde
Farmácia,8,Temporibus sed.,61,Escola de Saúde
Odontologia,9,In consequatur corrupti.,67,Escola de Saúde
Enfermagem,8,Suscipit distinctio cupiditate.,61,Escola de Saúde
Biomedicina,8,Excepturi impedit natus nesciunt.,71,Escola de Saúde
Medicina,9,Excepturi impedit natus nesciunt.,71,Escola de Saúde
Enfermagem,8,Aperiam necessitatibus delectus.,61,Escola de Saúde
Fisioterapia,8,Temporibus sed.,61,Escola de Saúde
Fisioterapia,8,Doloribus a.,67,Escola de Saúde
Farmácia,8,Fugiat.,65,Escola de Saúde
Enfermagem,8,Aliquid vero asperiores.,66,Escola de Saúde
Farmácia,8,Doloribus a.,67,Escola de Saúde
Odontologia,9,Praesentium ipsa maxime.,72,Escola de Saúde
Fisioterapia,8,Fugiat.,65,Escola de Saúde
Enfermagem,8,Fugiat harum consequatur.,65,Escola de Saúde
Odontologia,9,Ducimus tenetur modi.,70,Escola de Saúde
Farmácia,8,Cupiditate recusandae quo.,67,Escola de Saúde
Farmácia,8,Nemo consequuntur.,69,Escola de Saúde
Enfermagem,8,Quae laborum culpa.,65,Escola de Saúde
Fisioterapia,8,Cupiditate recusandae quo.,67,Escola de Saúde
Medicina,9,Iste dolorem minima.,66,Escola de Saúde
Odontologia,9,Deleniti necessitatibus fuga.,60,Escola de Saúde
Fisioterapia,8,Nemo consequuntur.,69,Escola de Saúde
Biomedicina,8,Iste dolorem minima.,66,Escola de Saúde
Odontologia,9,Laborum.,68,Escola de Saúde
Farmácia,8,At consequatur dolorum.,74,Escola de Saúde
Fisioterapia,8,Minus vero.,67,Escola de Saúde
Odontologia,9,Cum expedita dicta.,68,Escola de Saúde
Enfermagem,8,Et.,68,Escola de Saúde
Odontologia,9,Perferendis ex.,66,Escola de Saúde
Fisioterapia,8,At consequatur dolorum.,74,Escola de Saúde
Medicina,9,Eligendi vitae.,76,Escola de Saúde
Farmácia,8,Minus vero.,67,Escola de Saúde
Biomedicina,8,Eligendi vitae.,76,Escola de Saúde
Medicina,9,Temporibus sed.,61,Escola de Saúde
Fisioterapia,8,Facere corporis.,75,Escola de Saúde
Fisioterapia,8,In consequatur corrupti.,67,Escola de Saúde
Farmácia,8,In consequatur corrupti.,67,Escola de Saúde
Biomedicina,8,Temporibus sed.,61,Escola de Saúde
Odontologia,9,Similique.,76,Escola de Saúde
Enfermagem,8,Excepturi impedit natus nesciunt.,71,Escola de Saúde
Farmácia,8,Facere corporis.,75,Escola de Saúde
Odontologia,9,Fugit facilis quae.,71,Escola de Saúde
Medicina,9,Facere corporis.,75,Escola de Saúde
Biomedicina,8,In consequatur corrupti.,67,Escola de Saúde
Farmácia,8,Similique.,76,Escola de Saúde
Enfermagem,8,Temporibus sed.,61,Escola de Saúde
Medicina,9,In consequatur corrupti.,67,Escola de Saúde
Fisioterapia,8,Similique.,76,Escola de Saúde
Biomedicina,8,Facere corporis.,75,Escola de Saúde
Fisioterapia,8,Perspiciatis sed doloremque voluptas.,74,Escola de Saúde
Odontologia,9,Quae laborum culpa.,65,Escola de Saúde
Biomedicina,8,Dolor optio provident.,70,Escola de Saúde
Fisioterapia,8,Dolorem illum sint.,80,Escola de Saúde
Medicina,9,Dolor optio provident.,70,Escola de Saúde
Enfermagem,8,Tempore nobis ipsa.,60,Escola de Saúde
Farmácia,8,Dolorem illum sint.,80,Escola de Saúde
Farmácia,8,Perspiciatis sed doloremque voluptas.,74,Escola de Saúde
Medicina,9,At consequatur dolorum.,74,Escola de Saúde
Medicina,9,Minus vero.,67,Escola de Saúde
Fisioterapia,8,Cum expedita dicta.,68,Escola de Saúde
Fisioterapia,8,Perferendis ex.,66,Escola de Saúde
Farmácia,8,Cum expedita dicta.,68,Escola de Saúde
Farmácia,8,Perferendis ex.,66,Escola de Saúde
Biomedicina,8,At consequatur dolorum.,74,Escola de Saúde
Biomedicina,8,Minus vero.,67,Escola de Saúde
Enfermagem,8,Eligendi vitae.,76,Escola de Saúde
Odontologia,9,Voluptatum laboriosam.,74,Escola de Saúde
Biomedicina,8,Praesentium ipsa maxime.,72,Escola de Saúde
Enfermagem,8,Doloribus a.,67,Escola de Saúde
Enfermagem,8,Fugiat.,65,Escola de Saúde
Medicina,9,Ducimus tenetur modi.,70,Escola de Saúde
Biomedicina,8,Ducimus tenetur modi.,70,Escola de Saúde
Odontologia,9,Dignissimos incidunt sapiente.,78,Escola de Saúde
Medicina,9,Praesentium ipsa maxime.,72,Escola de Saúde
Biomedicina,8,Perferendis ex.,66,Escola de Saúde
Biomedicina,8,Cum expedita dicta.,68,Escola de Saúde
Odontologia,9,Nobis hic ex.,80,Escola de Saúde
Medicina,9,Perferendis ex.,66,Escola de Saúde
Odontologia,9,Voluptate consectetur.,61,Escola de Saúde
Medicina,9,Cum expedita dicta.,68,Escola de Saúde
Enfermagem,8,At consequatur dolorum.,74,Escola de Saúde
Enfermagem,8,Minus vero.,67,Escola de Saúde
Biomedicina,8,Tempore nobis ipsa.,60,Escola de Saúde
Odontologia,9,Dolorem illum sint.,80,Escola de Saúde
Farmácia,8,Dolor optio provident.,70,Escola de Saúde
Enfermagem,8,Laborum doloribus maxime.,64,Escola de Saúde
Enfermagem,8,Dolor tenetur vitae.,71,Escola de Saúde
Fisioterapia,8,Dolor optio provident.,70,Escola de Saúde
Medicina,9,Tempore nobis ipsa.,60,Escola de Saúde
Odontologia,9,Perspiciatis sed doloremque voluptas.,74,Escola de Saúde
Odontologia,9,Distinctio ducimus.,76,Escola de Saúde
Enfermagem,8,Laborum.,68,Escola de Saúde
Farmácia,8,Sunt veniam.,64,Escola de Saúde
Farmácia,8,Corrupti harum officia voluptatum.,60,Escola de Saúde
Fisioterapia,8,Sunt veniam.,64,Escola de Saúde
Enfermagem,8,Deleniti necessitatibus fuga.,60,Escola de Saúde
Fisioterapia,8,Corrupti harum officia voluptatum.,60,Escola de Saúde
Biomedicina,8,Itaque.,63,Escola de Saúde
Farmácia,8,Nobis hic ex.,80,Escola de Saúde
Fisioterapia,8,Nobis hic ex.,80,Escola de Saúde
Enfermagem,8,Cum expedita dicta.,68,Escola de Saúde
Enfermagem,8,Perferendis ex.,66,Escola de Saúde
Odontologia,9,Non quos.,73,Escola de Saúde
Fisioterapia,8,Voluptate consectetur.,61,Escola de Saúde
Farmácia,8,Voluptate consectetur.,61,Escola de Saúde
Odontologia,9,Doloribus officiis.,76,Escola de Saúde
Enfermagem,8,Similique.,76,Escola de Saúde
Fisioterapia,8,Nemo sed.,75,Escola de Saúde
Farmácia,8,Facilis amet.,64,Escola de Saúde
Odontologia,9,Aliquid vero asperiores.,66,Escola de Saúde
Biomedicina,8,Fugit facilis quae.,71,Escola de Saúde
Fisioterapia,8,Facilis amet.,64,Escola de Saúde
Farmácia,8,Nemo sed.,75,Escola de Saúde
Odontologia,9,Fugiat harum consequatur.,65,Escola de Saúde
Medicina,9,Fugit facilis quae.,71,Escola de Saúde
Fisioterapia,8,Aperiam necessitatibus delectus.,61,Escola de Saúde
Medicina,9,Et delectus libero.,72,Escola de Saúde
Farmácia,8,Suscipit distinctio cupiditate.,61,Escola de Saúde
Biomedicina,8,Quia dolores iste.,71,Escola de Saúde
Biomedicina,8,Et delectus libero.,72,Escola de Saúde
Fisioterapia,8,Suscipit distinctio cupiditate.,61,Escola de Saúde
Farmácia,8,Aperiam necessitatibus delectus.,61,Escola de Saúde
Odontologia,9,Excepturi impedit natus nesciunt.,71,Escola de Saúde
Medicina,9,Quia dolores iste.,71,Escola de Saúde
Farmácia,8,Laborum doloribus maxime.,64,Escola de Saúde
Odontologia,9,Tempore nobis ipsa.,60,Escola de Saúde
Medicina,9,Veniam dolorum laboriosam.,71,Escola de Saúde
Biomedicina,8,Consectetur autem officiis.,67,Escola de Saúde
Fisioterapia,8,Dolor tenetur vitae.,71,Escola de Saúde
Medicina,9,Consectetur autem officiis.,67,Escola de Saúde
Biomedicina,8,Veniam dolorum laboriosam.,71,Escola de Saúde
Fisioterapia,8,Laborum doloribus maxime.,64,Escola de Saúde
Farmácia,8,Dolor tenetur vitae.,71,Escola de Saúde
Fisioterapia,8,Fugiat harum consequatur.,65,Escola de Saúde
Farmácia,8,Fugiat harum consequatur.,65,Escola de Saúde
Farmácia,8,Aliquid vero asperiores.,66,Escola de Saúde
Fisioterapia,8,Aliquid vero asperiores.,66,Escola de Saúde
Medicina,9,Nemo sed.,75,Escola de Saúde
Medicina,9,Facilis amet.,64,Escola de Saúde
Enfermagem,8,Fugit facilis quae.,71,Escola de Saúde
Biomedicina,8,Facilis amet.,64,Escola de Saúde
Biomedicina,8,Nemo sed.,75,Escola de Saúde
Enfermagem,8,Iste dolorem minima.,66,Escola de Saúde
Farmácia,8,Laborum.,68,Escola de Saúde
Biomedicina,8,Nemo consequuntur.,69,Escola de Saúde
Farmácia,8,Deleniti necessitatibus fuga.,60,Escola de Saúde
Biomedicina,8,Cupiditate recusandae quo.,67,Escola de Saúde
Fisioterapia,8,Deleniti necessitatibus fuga.,60,Escola de Saúde
Medicina,9,Nemo consequuntur.,69,Escola de Saúde
Fisioterapia,8,Laborum.,68,Escola de Saúde
Medicina,9,Cupiditate recusandae quo.,67,Escola de Saúde
Enfermagem,8,Quia dolores iste.,71,Escola de Saúde
Odontologia,9,Temporibus sed.,61,Escola de Saúde
Biomedicina,8,Suscipit distinctio cupiditate.,61,Escola de Saúde
Fisioterapia,8,Excepturi impedit natus nesciunt.,71,Escola de Saúde
Medicina,9,Aperiam necessitatibus delectus.,61,Escola de Saúde
Medicina,9,Suscipit distinctio cupiditate.,61,Escola de Saúde
Enfermagem,8,Et delectus libero.,72,Escola de Saúde
Biomedicina,8,Aperiam necessitatibus delectus.,61,Escola de Saúde
Farmácia,8,Excepturi impedit natus nesciunt.,71,Escola de Saúde
Enfermagem,8,Nemo sed.,75,Escola de Saúde
Odontologia,9,Doloribus a.,67,Escola de Saúde
Medicina,9,Fugiat harum consequatur.,65,Escola de Saúde
Odontologia,9,Fugiat.,65,Escola de Saúde
Biomedicina,8,Aliquid vero asperiores.,66,Escola de Saúde
Biomedicina,8,Fugiat harum consequatur.,65,Escola de Saúde
Medicina,9,Aliquid vero asperiores.,66,Escola de Saúde
Enfermagem,8,Facilis amet.,64,Escola de Saúde
Fisioterapia,8,Et.,68,Escola de Saúde
Farmácia,8,Et.,68,Escola de Saúde
Medicina,9,Dolore porro iste culpa.,76,Escola de Saúde
Odontologia,9,Eligendi vitae.,76,Escola de Saúde
Medicina,9,Odit quis cupiditate.,65,Escola de Saúde
Enfermagem,8,Dignissimos incidunt sapiente.,78,Escola de Saúde
Biomedicina,8,Dolore porro iste culpa.,76,Escola de Saúde
Biomedicina,8,Odit quis cupiditate.,65,Escola de Saúde
Enfermagem,8,Voluptatum laboriosam.,74,Escola de Saúde
Farmácia,8,Eligendi vitae.,76,Escola de Saúde
Biomedicina,8,Et.,68,Escola de Saúde
Odontologia,9,Minus vero.,67,Escola de Saúde
Odontologia,9,At consequatur dolorum.,74,Escola de Saúde
Fisioterapia,8,Eligendi vitae.,76,Escola de Saúde
Medicina,9,Et.,68,Escola de Saúde
Enfermagem,8,Odit quis cupiditate.,65,Escola de Saúde
Enfermagem,8,Dolore porro iste culpa.,76,Escola de Saúde
Odontologia,9,Dolor tenetur vitae.,71,Escola de Saúde
Farmácia,8,Consectetur autem officiis.,67,Escola de Saúde
Enfermagem,8,Non quos.,73,Escola de Saúde
Fisioterapia,8,Consectetur autem officiis.,67,Escola de Saúde
Farmácia,8,Veniam dolorum laboriosam.,71,Escola de Saúde
Fisioterapia,8,Veniam dolorum laboriosam.,71,Escola de Saúde
Enfermagem,8,Doloribus officiis.,76,Escola de Saúde
Odontologia,9,Laborum doloribus maxime.,64,Escola de Saúde
Medicina,9,Doloribus officiis.,76,Escola de Saúde
Biomedicina,8,Doloribus officiis.,76,Escola de Saúde
Enfermagem,8,Nobis hic ex.,80,Escola de Saúde
Enfermagem,8,Voluptate consectetur.,61,Escola de Saúde
Medicina,9,Non quos.,73,Escola de Saúde
Biomedicina,8,Non quos.,73,Escola de Saúde
Odontologia,9,Veniam dolorum laboriosam.,71,Escola de Saúde
Odontologia,9,Consectetur autem officiis.,67,Escola de Saúde
Biomedicina,8,Voluptatum laboriosam.,74,Escola de Saúde
Fisioterapia,8,Odit quis cupiditate.,65,Escola de Saúde
Medicina,9,Dignissimos incidunt sapiente.,78,Escola de Saúde
Fisioterapia,8,Dolore porro iste culpa.,76,Escola de Saúde
Farmácia,8,Dolore porro iste culpa.,76,Escola de Saúde
Biomedicina,8,Dignissimos incidunt sapiente.,78,Escola de Saúde
Farmácia,8,Odit quis cupiditate.,65,Escola de Saúde
Odontologia,9,Et.,68,Escola de Saúde
Medicina,9,Voluptatum laboriosam.,74,Escola de Saúde
Odontologia,9,Cupiditate recusandae quo.,67,Escola de Saúde
Farmácia,8,Iste dolorem minima.,66,Escola de Saúde
Fisioterapia,8,Iste dolorem minima.,66,Escola de Saúde
Medicina,9,Quae laborum culpa.,65,Escola de Saúde
Enfermagem,8,Perspiciatis sed doloremque voluptas.,74,Escola de Saúde
Biomedicina,8,Quae laborum culpa.,65,Escola de Saúde
Odontologia,9,Nemo consequuntur.,69,Escola de Saúde
Enfermagem,8,Dolorem illum sint.,80,Escola de Saúde
Biomedicina,8,Perspiciatis sed doloremque voluptas.,74,Escola de Saúde
Enfermagem,8,Dolor optio provident.,70,Escola de Saúde
Biomedicina,8,Dolorem illum sint.,80,Escola de Saúde
Medicina,9,Dolorem illum sint.,80,Escola de Saúde
Fisioterapia,8,Quae laborum culpa.,65,Escola de Saúde
Medicina,9,Perspiciatis sed doloremque voluptas.,74,Escola de Saúde
Farmácia,8,Quae laborum culpa.,65,Escola de Saúde
Odontologia,9,Iste dolorem minima.,66,Escola de Saúde
Odontologia,9,Et delectus libero.,72,Escola de Saúde
Farmácia,8,Itaque.,63,Escola de Saúde
Biomedicina,8,Distinctio ducimus.,76,Escola de Saúde
Enfermagem,8,Sunt veniam.,64,Escola de Saúde
Odontologia,9,Quia dolores iste.,71,Escola de Saúde
Medicina,9,Distinctio ducimus.,76,Escola de Saúde
Enfermagem,8,Corrupti harum officia voluptatum.,60,Escola de Saúde
Enfermagem,8,Facere corporis.,75,Escola de Saúde
Farmácia,8,Fugit facilis quae.,71,Escola de Saúde
Odontologia,9,Facilis amet.,64,Escola de Saúde
Enfermagem,8,In consequatur corrupti.,67,Escola de Saúde
Medicina,9,Similique.,76,Escola de Saúde
Fisioterapia,8,Fugit facilis quae.,71,Escola de Saúde
Biomedicina,8,Similique.,76,Escola de Saúde
Odontologia,9,Nemo sed.,75,Escola de Saúde
Odontologia,9,Dolore porro iste culpa.,76,Escola de Saúde
Farmácia,8,Voluptatum laboriosam.,74,Escola de Saúde
Enfermagem,8,Praesentium ipsa maxime.,72,Escola de Saúde
Enfermagem,8,Ducimus tenetur modi.,70,Escola de Saúde
Farmácia,8,Dignissimos incidunt sapiente.,78,Escola de Saúde
Odontologia,9,Odit quis cupiditate.,65,Escola de Saúde
Fisioterapia,8,Voluptatum laboriosam.,74,Escola de Saúde
Fisioterapia,8,Dignissimos incidunt sapiente.,78,Escola de Saúde
Enfermagem,8,Distinctio ducimus.,76,Escola de Saúde
Odontologia,9,Suscipit distinctio cupiditate.,61,Escola de Saúde
Farmácia,8,Et delectus libero.,72,Escola de Saúde
Farmácia,8,Quia dolores iste.,71,Escola de Saúde
Fisioterapia,8,Et delectus libero.,72,Escola de Saúde
Odontologia,9,Aperiam necessitatibus delectus.,61,Escola de Saúde
Medicina,9,Itaque.,63,Escola de Saúde
Fisioterapia,8,Quia dolores iste.,71,Escola de Saúde
Biomedicina,8,Fugiat.,65,Escola de Saúde
Biomedicina,8,Doloribus a.,67,Escola de Saúde
Medicina,9,Doloribus a.,67,Escola de Saúde
Farmácia,8,Ducimus tenetur modi.,70,Escola de Saúde
Farmácia,8,Praesentium ipsa maxime.,72,Escola de Saúde
Medicina,9,Fugiat.,65,Escola de Saúde
Fisioterapia,8,Praesentium ipsa maxime.,72,Escola de Saúde
Fisioterapia,8,Ducimus tenetur modi.,70,Escola de Saúde
Biomedicina,8,Sunt veniam.,64,Escola de Saúde
Fisioterapia,8,Distinctio ducimus.,76,Escola de Saúde
Farmácia,8,Distinctio ducimus.,76,Escola de Saúde
Biomedicina,8,Corrupti harum officia voluptatum.,60,Escola de Saúde
Medicina,9,Corrupti harum officia voluptatum.,60,Escola de Saúde
Medicina,9,Sunt veniam.,64,Escola de Saúde
Enfermagem,8,Itaque.,63,Escola de Saúde
Odontologia,9,Itaque.,63,Escola de Saúde
Fisioterapia,8,Doloribus officiis.,76,Escola de Saúde
Biomedicina,8,Voluptate consectetur.,61,Escola de Saúde
Farmácia,8,Non quos.,73,Escola de Saúde
Farmácia,8,Doloribus officiis.,76,Escola de Saúde
Fisioterapia,8,Non quos.,73,Escola de Saúde
Medicina,9,Nobis hic ex.,80,Escola de Saúde
Biomedicina,8,Nobis hic ex.,80,Escola de Saúde
Medicina,9,Voluptate consectetur.,61,Escola de Saúde
Biologia,8,Perspiciatis sed doloremque voluptas.,74,Ciências Biológicas
Genética,8,Dolor optio provident.,70,Ciências Biológicas
Biologia,8,Dolorem illum sint.,80,Ciências Biológicas
Microbiologia,8,Tempore nobis ipsa.,60,Ciências Biológicas
Ecologia,8,Dolor optio provident.,70,Ciências Biológicas
Botânica,8,Laborum doloribus maxime.,64,Ciências Biológicas
Zoologia,8,Tempore nobis ipsa.,60,Ciências Biológicas
Botânica,8,Dolor tenetur vitae.,71,Ciências Biológicas
Ecologia,8,Sunt veniam.,64,Ciências Biológicas
Botânica,8,Deleniti necessitatibus fuga.,60,Ciências Biológicas
Genética,8,Sunt veniam.,64,Ciências Biológicas
Botânica,8,Laborum.,68,Ciências Biológicas
Microbiologia,8,Itaque.,63,Ciências Biológicas
Ecologia,8,Corrupti harum officia voluptatum.,60,Ciências Biológicas
Biologia,8,Distinctio ducimus.,76,Ciências Biológicas
Genética,8,Corrupti harum officia voluptatum.,60,Ciências Biológicas
Zoologia,8,Temporibus sed.,61,Ciências Biológicas
Botânica,8,Excepturi impedit natus nesciunt.,71,Ciências Biológicas
Ecologia,8,Facere corporis.,75,Ciências Biológicas
Microbiologia,8,Temporibus sed.,61,Ciências Biológicas
Genética,8,Facere corporis.,75,Ciências Biológicas
Ecologia,8,In consequatur corrupti.,67,Ciências Biológicas
Genética,8,In consequatur corrupti.,67,Ciências Biológicas
Biologia,8,Similique.,76,Ciências Biológicas
Genética,8,Iste dolorem minima.,66,Ciências Biológicas
Botânica,8,Perspiciatis sed doloremque voluptas.,74,Ciências Biológicas
Biologia,8,Nemo consequuntur.,69,Ciências Biológicas
Zoologia,8,Quae laborum culpa.,65,Ciências Biológicas
Botânica,8,Dolorem illum sint.,80,Ciências Biológicas
Ecologia,8,Iste dolorem minima.,66,Ciências Biológicas
Microbiologia,8,Quae laborum culpa.,65,Ciências Biológicas
Biologia,8,Cupiditate recusandae quo.,67,Ciências Biológicas
Genética,8,Praesentium ipsa maxime.,72,Ciências Biológicas
Ecologia,8,Ducimus tenetur modi.,70,Ciências Biológicas
Genética,8,Ducimus tenetur modi.,70,Ciências Biológicas
Zoologia,8,Doloribus a.,67,Ciências Biológicas
Ecologia,8,Praesentium ipsa maxime.,72,Ciências Biológicas
Microbiologia,8,Doloribus a.,67,Ciências Biológicas
Zoologia,8,Fugiat.,65,Ciências Biológicas
Microbiologia,8,Fugiat.,65,Ciências Biológicas
Zoologia,8,Similique.,76,Ciências Biológicas
Microbiologia,8,Similique.,76,Ciências Biológicas
Biologia,8,Facilis amet.,64,Ciências Biológicas
Genética,8,Fugit facilis quae.,71,Ciências Biológicas
Ecologia,8,Fugit facilis quae.,71,Ciências Biológicas
Botânica,8,In consequatur corrupti.,67,Ciências Biológicas
Biologia,8,Nemo sed.,75,Ciências Biológicas
Botânica,8,Facere corporis.,75,Ciências Biológicas
Ecologia,8,Dignissimos incidunt sapiente.,78,Ciências Biológicas
Biologia,8,Odit quis cupiditate.,65,Ciências Biológicas
Biologia,8,Dolore porro iste culpa.,76,Ciências Biológicas
Botânica,8,Ducimus tenetur modi.,70,Ciências Biológicas
Genética,8,Dignissimos incidunt sapiente.,78,Ciências Biológicas
Genética,8,Voluptatum laboriosam.,74,Ciências Biológicas
Botânica,8,Praesentium ipsa maxime.,72,Ciências Biológicas
Ecologia,8,Voluptatum laboriosam.,74,Ciências Biológicas
Botânica,8,Cum expedita dicta.,68,Ciências Biológicas
Biologia,8,Doloribus officiis.,76,Ciências Biológicas
Biologia,8,Non quos.,73,Ciências Biológicas
Ecologia,8,Voluptate consectetur.,61,Ciências Biológicas
Botânica,8,Perferendis ex.,66,Ciências Biológicas
Genética,8,Voluptate consectetur.,61,Ciências Biológicas
Genética,8,Nobis hic ex.,80,Ciências Biológicas
Ecologia,8,Nobis hic ex.,80,Ciências Biológicas
Botânica,8,Tempore nobis ipsa.,60,Ciências Biológicas
Ecologia,8,Dolorem illum sint.,80,Ciências Biológicas
Genética,8,Perspiciatis sed doloremque voluptas.,74,Ciências Biológicas
Ecologia,8,Perspiciatis sed doloremque voluptas.,74,Ciências Biológicas
Zoologia,8,Dolor optio provident.,70,Ciências Biológicas
Genética,8,Dolorem illum sint.,80,Ciências Biológicas
Microbiologia,8,Dolor optio provident.,70,Ciências Biológicas
Biologia,8,Quae laborum culpa.,65,Ciências Biológicas
Biologia,8,Suscipit distinctio cupiditate.,61,Ciências Biológicas
Ecologia,8,Et delectus libero.,72,Ciências Biológicas
Genética,8,Et delectus libero.,72,Ciências Biológicas
Ecologia,8,Quia dolores iste.,71,Ciências Biológicas
Zoologia,8,Itaque.,63,Ciências Biológicas
Botânica,8,Distinctio ducimus.,76,Ciências Biológicas
Genética,8,Quia dolores iste.,71,Ciências Biológicas
Biologia,8,Aperiam necessitatibus delectus.,61,Ciências Biológicas
Biologia,8,Fugiat harum consequatur.,65,Ciências Biológicas
Botânica,8,Similique.,76,Ciências Biológicas
Ecologia,8,Facilis amet.,64,Ciências Biológicas
Genética,8,Nemo sed.,75,Ciências Biológicas
Zoologia,8,Fugit facilis quae.,71,Ciências Biológicas
Microbiologia,8,Fugit facilis quae.,71,Ciências Biológicas
Biologia,8,Aliquid vero asperiores.,66,Ciências Biológicas
Genética,8,Facilis amet.,64,Ciências Biológicas
Ecologia,8,Nemo sed.,75,Ciências Biológicas
Ecologia,8,Distinctio ducimus.,76,Ciências Biológicas
Microbiologia,8,Sunt veniam.,64,Ciências Biológicas
Zoologia,8,Sunt veniam.,64,Ciências Biológicas
Genética,8,Distinctio ducimus.,76,Ciências Biológicas
Zoologia,8,Corrupti harum officia voluptatum.,60,Ciências Biológicas
Biologia,8,Itaque.,63,Ciências Biológicas
Microbiologia,8,Corrupti harum officia voluptatum.,60,Ciências Biológicas
Botânica,8,Itaque.,63,Ciências Biológicas
Genética,8,Odit quis cupiditate.,65,Ciências Biológicas
Ecologia,8,Dolore porro iste culpa.,76,Ciências Biológicas
Zoologia,8,Voluptatum laboriosam.,74,Ciências Biológicas
Zoologia,8,Dignissimos incidunt sapiente.,78,Ciências Biológicas
Microbiologia,8,Dignissimos incidunt sapiente.,78,Ciências Biológicas
Microbiologia,8,Voluptatum laboriosam.,74,Ciências Biológicas
Ecologia,8,Odit quis cupiditate.,65,Ciências Biológicas
Biologia,8,Et.,68,Ciências Biológicas
Genética,8,Dolore porro iste culpa.,76,Ciências Biológicas
Microbiologia,8,Voluptate consectetur.,61,Ciências Biológicas
Ecologia,8,Doloribus officiis.,76,Ciências Biológicas
Zoologia,8,Voluptate consectetur.,61,Ciências Biológicas
Genética,8,Doloribus officiis.,76,Ciências Biológicas
Genética,8,Non quos.,73,Ciências Biológicas
Microbiologia,8,Nobis hic ex.,80,Ciências Biológicas
Ecologia,8,Non quos.,73,Ciências Biológicas
Zoologia,8,Nobis hic ex.,80,Ciências Biológicas
Zoologia,8,Nemo sed.,75,Ciências Biológicas
Botânica,8,Fugit facilis quae.,71,Ciências Biológicas
Microbiologia,8,Nemo sed.,75,Ciências Biológicas
Genética,8,Aliquid vero asperiores.,66,Ciências Biológicas
Genética,8,Fugiat harum consequatur.,65,Ciências Biológicas
Microbiologia,8,Facilis amet.,64,Ciências Biológicas
Zoologia,8,Facilis amet.,64,Ciências Biológicas
Ecologia,8,Aliquid vero asperiores.,66,Ciências Biológicas
Ecologia,8,Fugiat harum consequatur.,65,Ciências Biológicas
Zoologia,8,Aperiam necessitatibus delectus.,61,Ciências Biológicas
Zoologia,8,Suscipit distinctio cupiditate.,61,Ciências Biológicas
Microbiologia,8,Aperiam necessitatibus delectus.,61,Ciências Biológicas
Genética,8,Excepturi impedit natus nesciunt.,71,Ciências Biológicas
Ecologia,8,Excepturi impedit natus nesciunt.,71,Ciências Biológicas
Biologia,8,Temporibus sed.,61,Ciências Biológicas
Botânica,8,Quia dolores iste.,71,Ciências Biológicas
Microbiologia,8,Suscipit distinctio cupiditate.,61,Ciências Biológicas
Botânica,8,Et delectus libero.,72,Ciências Biológicas
Genética,8,Tempore nobis ipsa.,60,Ciências Biológicas
Microbiologia,8,Laborum doloribus maxime.,64,Ciências Biológicas
Botânica,8,Consectetur autem officiis.,67,Ciências Biológicas
Ecologia,8,Tempore nobis ipsa.,60,Ciências Biológicas
Botânica,8,Veniam dolorum laboriosam.,71,Ciências Biológicas
Zoologia,8,Laborum doloribus maxime.,64,Ciências Biológicas
Zoologia,8,Dolor tenetur vitae.,71,Ciências Biológicas
Microbiologia,8,Dolor tenetur vitae.,71,Ciências Biológicas
Biologia,8,Dolor optio provident.,70,Ciências Biológicas
Botânica,8,Nemo sed.,75,Ciências Biológicas
Zoologia,8,Fugiat harum consequatur.,65,Ciências Biológicas
Botânica,8,Facilis amet.,64,Ciências Biológicas
Microbiologia,8,Fugiat harum consequatur.,65,Ciências Biológicas
Biologia,8,Doloribus a.,67,Ciências Biológicas
Zoologia,8,Aliquid vero asperiores.,66,Ciências Biológicas
Microbiologia,8,Aliquid vero asperiores.,66,Ciências Biológicas
Biologia,8,Fugiat.,65,Ciências Biológicas
Biologia,8,Sunt veniam.,64,Ciências Biológicas
Zoologia,8,Deleniti necessitatibus fuga.,60,Ciências Biológicas
Microbiologia,8,Laborum.,68,Ciências Biológicas
Microbiologia,8,Deleniti necessitatibus fuga.,60,Ciências Biológicas
Biologia,8,Corrupti harum officia voluptatum.,60,Ciências Biológicas
Botânica,8,Nemo consequuntur.,69,Ciências Biológicas
Botânica,8,Cupiditate recusandae quo.,67,Ciências Biológicas
Zoologia,8,Laborum.,68,Ciências Biológicas
Botânica,8,Iste dolorem minima.,66,Ciências Biológicas
Microbiologia,8,Nemo consequuntur.,69,Ciências Biológicas
Zoologia,8,Cupiditate recusandae quo.,67,Ciências Biológicas
Zoologia,8,Nemo consequuntur.,69,Ciências Biológicas
Genética,8,Deleniti necessitatibus fuga.,60,Ciências Biológicas
Ecologia,8,Laborum.,68,Ciências Biológicas
Ecologia,8,Deleniti necessitatibus fuga.,60,Ciências Biológicas
Microbiologia,8,Cupiditate recusandae quo.,67,Ciências Biológicas
Genética,8,Laborum.,68,Ciências Biológicas
Zoologia,8,Excepturi impedit natus nesciunt.,71,Ciências Biológicas
Ecologia,8,Temporibus sed.,61,Ciências Biológicas
Botânica,8,Suscipit distinctio cupiditate.,61,Ciências Biológicas
Biologia,8,In consequatur corrupti.,67,Ciências Biológicas
Genética,8,Temporibus sed.,61,Ciências Biológicas
Biologia,8,Facere corporis.,75,Ciências Biológicas
Botânica,8,Aperiam necessitatibus delectus.,61,Ciências Biológicas
Microbiologia,8,Excepturi impedit natus nesciunt.,71,Ciências Biológicas
Genética,8,Cum expedita dicta.,68,Ciências Biológicas
Zoologia,8,Minus vero.,67,Ciências Biológicas
Genética,8,Perferendis ex.,66,Ciências Biológicas
Botânica,8,Eligendi vitae.,76,Ciências Biológicas
Ecologia,8,Cum expedita dicta.,68,Ciências Biológicas
Ecologia,8,Perferendis ex.,66,Ciências Biológicas
Zoologia,8,At consequatur dolorum.,74,Ciências Biológicas
Microbiologia,8,Minus vero.,67,Ciências Biológicas
Microbiologia,8,At consequatur dolorum.,74,Ciências Biológicas
Zoologia,8,Facere corporis.,75,Ciências Biológicas
Botânica,8,Temporibus sed.,61,Ciências Biológicas
Biologia,8,Fugit facilis quae.,71,Ciências Biológicas
Ecologia,8,Similique.,76,Ciências Biológicas
Genética,8,Similique.,76,Ciências Biológicas
Microbiologia,8,Facere corporis.,75,Ciências Biológicas
Microbiologia,8,In consequatur corrupti.,67,Ciências Biológicas
Zoologia,8,In consequatur corrupti.,67,Ciências Biológicas
Genética,8,Fugiat.,65,Ciências Biológicas
Botânica,8,Fugiat harum consequatur.,65,Ciências Biológicas
Genética,8,Doloribus a.,67,Ciências Biológicas
Biologia,8,Ducimus tenetur modi.,70,Ciências Biológicas
Biologia,8,Praesentium ipsa maxime.,72,Ciências Biológicas
Ecologia,8,Fugiat.,65,Ciências Biológicas
Botânica,8,Aliquid vero asperiores.,66,Ciências Biológicas
Ecologia,8,Doloribus a.,67,Ciências Biológicas
Biologia,8,Iste dolorem minima.,66,Ciências Biológicas
Microbiologia,8,Dolorem illum sint.,80,Ciências Biológicas
Zoologia,8,Perspiciatis sed doloremque voluptas.,74,Ciências Biológicas
Genética,8,Quae laborum culpa.,65,Ciências Biológicas
Botânica,8,Dolor optio provident.,70,Ciências Biológicas
Microbiologia,8,Perspiciatis sed doloremque voluptas.,74,Ciências Biológicas
Zoologia,8,Dolorem illum sint.,80,Ciências Biológicas
Ecologia,8,Quae laborum culpa.,65,Ciências Biológicas
Zoologia,8,Perferendis ex.,66,Ciências Biológicas
Biologia,8,Voluptate consectetur.,61,Ciências Biológicas
Zoologia,8,Cum expedita dicta.,68,Ciências Biológicas
Biologia,8,Nobis hic ex.,80,Ciências Biológicas
Microbiologia,8,Perferendis ex.,66,Ciências Biológicas
Microbiologia,8,Cum expedita dicta.,68,Ciências Biológicas
Botânica,8,Minus vero.,67,Ciências Biológicas
Botânica,8,At consequatur dolorum.,74,Ciências Biológicas
Ecologia,8,At consequatur dolorum.,74,Ciências Biológicas
Genética,8,Minus vero.,67,Ciências Biológicas
Genética,8,At consequatur dolorum.,74,Ciências Biológicas
Microbiologia,8,Eligendi vitae.,76,Ciências Biológicas
Zoologia,8,Eligendi vitae.,76,Ciências Biológicas
Biologia,8,Cum expedita dicta.,68,Ciências Biológicas
Biologia,8,Perferendis ex.,66,Ciências Biológicas
Botânica,8,Et.,68,Ciências Biológicas
Ecologia,8,Minus vero.,67,Ciências Biológicas
Genética,8,Dolor tenetur vitae.,71,Ciências Biológicas
Microbiologia,8,Veniam dolorum laboriosam.,71,Ciências Biológicas
Zoologia,8,Consectetur autem officiis.,67,Ciências Biológicas
Ecologia,8,Laborum doloribus maxime.,64,Ciências Biológicas
Microbiologia,8,Consectetur autem officiis.,67,Ciências Biológicas
Ecologia,8,Dolor tenetur vitae.,71,Ciências Biológicas
Genética,8,Laborum doloribus maxime.,64,Ciências Biológicas
Biologia,8,Tempore nobis ipsa.,60,Ciências Biológicas
Zoologia,8,Veniam dolorum laboriosam.,71,Ciências Biológicas
Botânica,8,Voluptatum laboriosam.,74,Ciências Biológicas
Botânica,8,Dignissimos incidunt sapiente.,78,Ciências Biológicas
Biologia,8,Eligendi vitae.,76,Ciências Biológicas
Microbiologia,8,Odit quis cupiditate.,65,Ciências Biológicas
Zoologia,8,Dolore porro iste culpa.,76,Ciências Biológicas
Zoologia,8,Odit quis cupiditate.,65,Ciências Biológicas
Genética,8,Et.,68,Ciências Biológicas
Ecologia,8,Et.,68,Ciências Biológicas
Microbiologia,8,Dolore porro iste culpa.,76,Ciências Biológicas
Botânica,8,Doloribus a.,67,Ciências Biológicas
Microbiologia,8,Praesentium ipsa maxime.,72,Ciências Biológicas
Zoologia,8,Praesentium ipsa maxime.,72,Ciências Biológicas
Biologia,8,Dignissimos incidunt sapiente.,78,Ciências Biológicas
Zoologia,8,Ducimus tenetur modi.,70,Ciências Biológicas
Biologia,8,Voluptatum laboriosam.,74,Ciências Biológicas
Botânica,8,Fugiat.,65,Ciências Biológicas
Microbiologia,8,Ducimus tenetur modi.,70,Ciências Biológicas
Ecologia,8,Itaque.,63,Ciências Biológicas
Botânica,8,Corrupti harum officia voluptatum.,60,Ciências Biológicas
Biologia,8,Quia dolores iste.,71,Ciências Biológicas
Microbiologia,8,Distinctio ducimus.,76,Ciências Biológicas
Zoologia,8,Distinctio ducimus.,76,Ciências Biológicas
Botânica,8,Sunt veniam.,64,Ciências Biológicas
Genética,8,Itaque.,63,Ciências Biológicas
Biologia,8,Et delectus libero.,72,Ciências Biológicas
Botânica,8,Voluptate consectetur.,61,Ciências Biológicas
Zoologia,8,Doloribus officiis.,76,Ciências Biológicas
Zoologia,8,Non quos.,73,Ciências Biológicas
Biologia,8,Consectetur autem officiis.,67,Ciências Biológicas
Microbiologia,8,Non quos.,73,Ciências Biológicas
Biologia,8,Veniam dolorum laboriosam.,71,Ciências Biológicas
Microbiologia,8,Doloribus officiis.,76,Ciências Biológicas
Botânica,8,Nobis hic ex.,80,Ciências Biológicas
Botânica,8,Odit quis cupiditate.,65,Ciências Biológicas
Biologia,8,At consequatur dolorum.,74,Ciências Biológicas
Ecologia,8,Eligendi vitae.,76,Ciências Biológicas
Microbiologia,8,Et.,68,Ciências Biológicas
Biologia,8,Minus vero.,67,Ciências Biológicas
Zoologia,8,Et.,68,Ciências Biológicas
Genética,8,Eligendi vitae.,76,Ciências Biológicas
Botânica,8,Dolore porro iste culpa.,76,Ciências Biológicas
Botânica,8,Doloribus officiis.,76,Ciências Biológicas
Ecologia,8,Consectetur autem officiis.,67,Ciências Biológicas
Biologia,8,Dolor tenetur vitae.,71,Ciências Biológicas
Genética,8,Consectetur autem officiis.,67,Ciências Biológicas
Biologia,8,Laborum doloribus maxime.,64,Ciências Biológicas
Ecologia,8,Veniam dolorum laboriosam.,71,Ciências Biológicas
Botânica,8,Non quos.,73,Ciências Biológicas
Genética,8,Veniam dolorum laboriosam.,71,Ciências Biológicas
Genética,8,Cupiditate recusandae quo.,67,Ciências Biológicas
Zoologia,8,Iste dolorem minima.,66,Ciências Biológicas
Biologia,8,Deleniti necessitatibus fuga.,60,Ciências Biológicas
Microbiologia,8,Iste dolorem minima.,66,Ciências Biológicas
Ecologia,8,Cupiditate recusandae quo.,67,Ciências Biológicas
Genética,8,Nemo consequuntur.,69,Ciências Biológicas
Ecologia,8,Nemo consequuntur.,69,Ciências Biológicas
Biologia,8,Laborum.,68,Ciências Biológicas
Botânica,8,Quae laborum culpa.,65,Ciências Biológicas
Ecologia,8,Suscipit distinctio cupiditate.,61,Ciências Biológicas
Microbiologia,8,Quia dolores iste.,71,Ciências Biológicas
Microbiologia,8,Et delectus libero.,72,Ciências Biológicas
Zoologia,8,Quia dolores iste.,71,Ciências Biológicas
Biologia,8,Excepturi impedit natus nesciunt.,71,Ciências Biológicas
Genética,8,Aperiam necessitatibus delectus.,61,Ciências Biológicas
Zoologia,8,Et delectus libero.,72,Ciências Biológicas
Genética,8,Suscipit distinctio cupiditate.,61,Ciências Biológicas
Ecologia,8,Aperiam necessitatibus delectus.,61,Ciências Biológicas